<?xml version="1.0" encoding="UTF-8"?>
<project-private xmlns="http://www.netbeans.org/ns/project-private/1">
    <editor-bookmarks xmlns="http://www.netbeans.org/ns/editor-bookmarks/2" lastBookmarkId="0"/>
    <open-files xmlns="http://www.netbeans.org/ns/projectui-open-files/2">
        <group>
            <file>file:/C:/Users/alumno.DESKTOP-QNN64LN/Desktop/JAVA_GABRIEL/DAOpersona/src/Patron_DAO/Conexion.java</file>
            <file>file:/C:/Users/alumno.DESKTOP-QNN64LN/Desktop/JAVA_GABRIEL/DAOpersona/src/ConsultageneralJDBC/CursoSE.java</file>
            <file>file:/C:/Users/alumno.DESKTOP-QNN64LN/Desktop/JAVA_GABRIEL/DAOpersona/src/Patron_DAO/DAOPersonaImpl.java</file>
        </group>
    </open-files>
</project-private>
